Baud,2 bytes (sec)
9600,0.00104072916666667
14400,0.000695625
19200,0.00052046875
38400,0.000260182291666667
57600,0.000170138888888889
76800,0.000130078125
115200,8.50607638888889E-05
230400,4.50347222222222E-05
250000,4.29E-05
500000,4.2986E-05
1000000,4.3077E-05
2000000,4.3169E-05
