Baud,2 bytes (sec)
9600,0.00209489583333333
14400,0.00174496527777778
19200,0.00157134114583333
38400,0.00130956380208333
57600,0.00122162326388889
76800,0.00117914388020833
115200,0.00113376736111111
