Baud,2 bytes (sec)
9600,0.00109041666666667
14400,0.000740642361111111
19200,0.0005670703125
38400,0.000305416666666667
57600,0.000217374131944444
76800,0.000174654947916667
115200,0.000129390190972222
